<?xml version="1.0" encoding="UTF-8"?>
<export version="D">
  <design>
    <source>/Users/cbkillion/Documents/KiCad Projects/ArduinoSpecAn/ArduinoSpecAn.sch</source>
    <date>Tuesday, December 29, 2015 'PMt' 08:05:48 PM</date>
    <tool>Eeschema 4.0.0-rc2-1-stable</tool>
    <sheet number="1" name="/" tstamps="/">
      <title_block>
        <title>Arduino Scalar Network Analyzer Shield</title>
        <company/>
        <rev>1.0</rev>
        <date>2015-12-23</date>
        <source>ArduinoSpecAn.sch</source>
        <comment number="1" value=""/>
        <comment number="2" value=""/>
        <comment number="3" value=""/>
        <comment number="4" value=""/>
      </title_block>
    </sheet>
  </design>
  <components>
    <comp ref="U1">
      <value>AD8307</value>
      <footprint>SMD_Packages:SOIC-8-N</footprint>
      <libsource lib="myLib" part="AD8307"/>
      <sheetpath names="/" tstamps="/"/>
      <tstamp>567AEDE5</tstamp>
    </comp>
    <comp ref="U3">
      <value>AD9851</value>
      <footprint>Housings_SSOP:SSOP-28_5.3x10.2mm_Pitch0.65mm</footprint>
      <libsource lib="myLib" part="AD9851"/>
      <sheetpath names="/" tstamps="/"/>
      <tstamp>567AF1E6</tstamp>
    </comp>
    <comp ref="P3">
      <value>CONN_01X10</value>
      <footprint>Pin_Headers:Pin_Header_Straight_1x10</footprint>
      <libsource lib="conn" part="CONN_01X10"/>
      <sheetpath names="/" tstamps="/"/>
      <tstamp>567AF289</tstamp>
    </comp>
    <comp ref="P4">
      <value>CONN_01X08</value>
      <footprint>Pin_Headers:Pin_Header_Straight_1x08</footprint>
      <libsource lib="conn" part="CONN_01X08"/>
      <sheetpath names="/" tstamps="/"/>
      <tstamp>567AF44C</tstamp>
    </comp>
    <comp ref="P1">
      <value>CONN_01X08</value>
      <footprint>Pin_Headers:Pin_Header_Straight_1x08</footprint>
      <libsource lib="conn" part="CONN_01X08"/>
      <sheetpath names="/" tstamps="/"/>
      <tstamp>567AF565</tstamp>
    </comp>
    <comp ref="P2">
      <value>CONN_01X06</value>
      <footprint>Pin_Headers:Pin_Header_Straight_1x06</footprint>
      <libsource lib="conn" part="CONN_01X06"/>
      <sheetpath names="/" tstamps="/"/>
      <tstamp>567AF5D9</tstamp>
    </comp>
    <comp ref="C2">
      <value>10uF</value>
      <footprint>Capacitors_SMD:C_0805_HandSoldering</footprint>
      <libsource lib="device" part="C_Small"/>
      <sheetpath names="/" tstamps="/"/>
      <tstamp>567B2606</tstamp>
    </comp>
    <comp ref="C4">
      <value>10uF</value>
      <footprint>Capacitors_SMD:C_0805_HandSoldering</footprint>
      <libsource lib="device" part="C_Small"/>
      <sheetpath names="/" tstamps="/"/>
      <tstamp>567B275A</tstamp>
    </comp>
    <comp ref="R2">
      <value>51</value>
      <footprint>Resistors_SMD:R_0805_HandSoldering</footprint>
      <libsource lib="device" part="R_Small"/>
      <sheetpath names="/" tstamps="/"/>
      <tstamp>567B27BA</tstamp>
    </comp>
    <comp ref="J1">
      <value>SMA</value>
      <footprint>footprints:SMA_Edgemount</footprint>
      <libsource lib="myLib" part="SMA"/>
      <sheetpath names="/" tstamps="/"/>
      <tstamp>567B2CEE</tstamp>
    </comp>
    <comp ref="R6">
      <value>4R7</value>
      <footprint>Resistors_SMD:R_0805_HandSoldering</footprint>
      <libsource lib="device" part="R_Small"/>
      <sheetpath names="/" tstamps="/"/>
      <tstamp>567B2F06</tstamp>
    </comp>
    <comp ref="U4">
      <value>LM7301</value>
      <footprint>Housings_SOT-23_SOT-143_TSOT-6:SOT-23-5</footprint>
      <libsource lib="myLib" part="LM7301"/>
      <sheetpath names="/" tstamps="/"/>
      <tstamp>567B52F9</tstamp>
    </comp>
    <comp ref="X1">
      <value>KC5032A</value>
      <footprint>footprints:KC5032A-CM_SMD_Crystal</footprint>
      <libsource lib="myLib" part="KC5032A"/>
      <sheetpath names="/" tstamps="/"/>
      <tstamp>567B611F</tstamp>
    </comp>
    <comp ref="C1">
      <value>.01uF</value>
      <footprint>Capacitors_SMD:C_0805_HandSoldering</footprint>
      <libsource lib="device" part="C_Small"/>
      <sheetpath names="/" tstamps="/"/>
      <tstamp>567B63B5</tstamp>
    </comp>
    <comp ref="R9">
      <value>200</value>
      <footprint>Resistors_SMD:R_0805_HandSoldering</footprint>
      <libsource lib="device" part="R_Small"/>
      <sheetpath names="/" tstamps="/"/>
      <tstamp>567B73DA</tstamp>
    </comp>
    <comp ref="C6">
      <value>2.5pF</value>
      <footprint>Capacitors_SMD:C_0805_HandSoldering</footprint>
      <libsource lib="device" part="C_Small"/>
      <sheetpath names="/" tstamps="/"/>
      <tstamp>567B75BC</tstamp>
    </comp>
    <comp ref="C7">
      <value>10pF</value>
      <footprint>Capacitors_SMD:C_0805_HandSoldering</footprint>
      <libsource lib="device" part="C_Small"/>
      <sheetpath names="/" tstamps="/"/>
      <tstamp>567B7631</tstamp>
    </comp>
    <comp ref="C8">
      <value>10pF</value>
      <footprint>Capacitors_SMD:C_0805_HandSoldering</footprint>
      <libsource lib="device" part="C_Small"/>
      <sheetpath names="/" tstamps="/"/>
      <tstamp>567B7691</tstamp>
    </comp>
    <comp ref="C9">
      <value>2.5pF</value>
      <footprint>Capacitors_SMD:C_0805_HandSoldering</footprint>
      <libsource lib="device" part="C_Small"/>
      <sheetpath names="/" tstamps="/"/>
      <tstamp>567B76E7</tstamp>
    </comp>
    <comp ref="L1">
      <value>1.1uH</value>
      <footprint>footprints:Inductor_0805</footprint>
      <libsource lib="device" part="L_Small"/>
      <sheetpath names="/" tstamps="/"/>
      <tstamp>567B781E</tstamp>
    </comp>
    <comp ref="L2">
      <value>1.8uH</value>
      <footprint>footprints:Inductor_0805</footprint>
      <libsource lib="device" part="L_Small"/>
      <sheetpath names="/" tstamps="/"/>
      <tstamp>567B7A95</tstamp>
    </comp>
    <comp ref="L3">
      <value>1.1uH</value>
      <footprint>footprints:Inductor_0805</footprint>
      <libsource lib="device" part="L_Small"/>
      <sheetpath names="/" tstamps="/"/>
      <tstamp>567B7C20</tstamp>
    </comp>
    <comp ref="R10">
      <value>400</value>
      <footprint>Resistors_SMD:R_0805_HandSoldering</footprint>
      <libsource lib="device" part="R_Small"/>
      <sheetpath names="/" tstamps="/"/>
      <tstamp>567B7F0E</tstamp>
    </comp>
    <comp ref="R11">
      <value>400</value>
      <footprint>Resistors_SMD:R_0805_HandSoldering</footprint>
      <libsource lib="device" part="R_Small"/>
      <sheetpath names="/" tstamps="/"/>
      <tstamp>567B7F96</tstamp>
    </comp>
    <comp ref="R1">
      <value>3k92</value>
      <footprint>Resistors_SMD:R_0805_HandSoldering</footprint>
      <libsource lib="device" part="R_Small"/>
      <sheetpath names="/" tstamps="/"/>
      <tstamp>567B9D46</tstamp>
    </comp>
    <comp ref="C3">
      <value>10uF</value>
      <footprint>Capacitors_SMD:C_0805_HandSoldering</footprint>
      <libsource lib="device" part="C_Small"/>
      <sheetpath names="/" tstamps="/"/>
      <tstamp>567BD6C6</tstamp>
    </comp>
    <comp ref="U2">
      <value>EL5167</value>
      <footprint>Housings_SOT-23_SOT-143_TSOT-6:SOT-23-5</footprint>
      <libsource lib="myLib" part="EL5167"/>
      <sheetpath names="/" tstamps="/"/>
      <tstamp>567BDF2A</tstamp>
    </comp>
    <comp ref="R4">
      <value>100k</value>
      <footprint>Resistors_SMD:R_0805_HandSoldering</footprint>
      <libsource lib="device" part="R_Small"/>
      <sheetpath names="/" tstamps="/"/>
      <tstamp>567BE3D9</tstamp>
    </comp>
    <comp ref="R3">
      <value>100k</value>
      <footprint>Resistors_SMD:R_0805_HandSoldering</footprint>
      <libsource lib="device" part="R_Small"/>
      <sheetpath names="/" tstamps="/"/>
      <tstamp>567BE46E</tstamp>
    </comp>
    <comp ref="R8">
      <value>51</value>
      <footprint>Resistors_SMD:R_0805_HandSoldering</footprint>
      <libsource lib="device" part="R_Small"/>
      <sheetpath names="/" tstamps="/"/>
      <tstamp>567BFE10</tstamp>
    </comp>
    <comp ref="R7">
      <value>1k</value>
      <footprint>Resistors_SMD:R_0805_HandSoldering</footprint>
      <libsource lib="device" part="R_Small"/>
      <sheetpath names="/" tstamps="/"/>
      <tstamp>567C0385</tstamp>
    </comp>
    <comp ref="R5">
      <value>1k</value>
      <footprint>Resistors_SMD:R_0805_HandSoldering</footprint>
      <libsource lib="device" part="R_Small"/>
      <sheetpath names="/" tstamps="/"/>
      <tstamp>567C04BD</tstamp>
    </comp>
    <comp ref="C5">
      <value>10uF</value>
      <footprint>Capacitors_SMD:C_0805_HandSoldering</footprint>
      <libsource lib="device" part="C_Small"/>
      <sheetpath names="/" tstamps="/"/>
      <tstamp>567C0BCE</tstamp>
    </comp>
    <comp ref="J2">
      <value>SMA</value>
      <footprint>footprints:SMA_Edgemount</footprint>
      <libsource lib="myLib" part="SMA"/>
      <sheetpath names="/" tstamps="/"/>
      <tstamp>567C0D77</tstamp>
    </comp>
    <comp ref="C10">
      <value>.1uF</value>
      <footprint>Capacitors_SMD:C_0805_HandSoldering</footprint>
      <libsource lib="device" part="C_Small"/>
      <sheetpath names="/" tstamps="/"/>
      <tstamp>567C5D7E</tstamp>
    </comp>
    <comp ref="C11">
      <value>.1uF</value>
      <footprint>Capacitors_SMD:C_0805_HandSoldering</footprint>
      <libsource lib="device" part="C_Small"/>
      <sheetpath names="/" tstamps="/"/>
      <tstamp>567C6091</tstamp>
    </comp>
    <comp ref="C12">
      <value>.1uF</value>
      <footprint>Capacitors_SMD:C_0805_HandSoldering</footprint>
      <libsource lib="device" part="C_Small"/>
      <sheetpath names="/" tstamps="/"/>
      <tstamp>567C6113</tstamp>
    </comp>
    <comp ref="C13">
      <value>.1uF</value>
      <footprint>Capacitors_SMD:C_0805_HandSoldering</footprint>
      <libsource lib="device" part="C_Small"/>
      <sheetpath names="/" tstamps="/"/>
      <tstamp>567C619C</tstamp>
    </comp>
    <comp ref="C14">
      <value>.1uF</value>
      <footprint>Capacitors_SMD:C_0805_HandSoldering</footprint>
      <libsource lib="device" part="C_Small"/>
      <sheetpath names="/" tstamps="/"/>
      <tstamp>567C6228</tstamp>
    </comp>
    <comp ref="C15">
      <value>.1uF</value>
      <footprint>Capacitors_SMD:C_0805_HandSoldering</footprint>
      <libsource lib="device" part="C_Small"/>
      <sheetpath names="/" tstamps="/"/>
      <tstamp>567C63EB</tstamp>
    </comp>
    <comp ref="C16">
      <value>.1uF</value>
      <footprint>Capacitors_SMD:C_0805_HandSoldering</footprint>
      <libsource lib="device" part="C_Small"/>
      <sheetpath names="/" tstamps="/"/>
      <tstamp>567C647D</tstamp>
    </comp>
    <comp ref="R12">
      <value>2k</value>
      <footprint>Resistors_SMD:R_0805_HandSoldering</footprint>
      <libsource lib="device" part="R_Small"/>
      <sheetpath names="/" tstamps="/"/>
      <tstamp>567C1CD7</tstamp>
    </comp>
    <comp ref="R13">
      <value>2k</value>
      <footprint>Resistors_SMD:R_0805_HandSoldering</footprint>
      <libsource lib="device" part="R_Small"/>
      <sheetpath names="/" tstamps="/"/>
      <tstamp>567C1D6D</tstamp>
    </comp>
  </components>
  <libparts>
    <libpart lib="myLib" part="AD8307">
      <fields>
        <field name="Reference">U</field>
        <field name="Value">AD8307</field>
      </fields>
      <pins>
        <pin num="1" name="INM" type="input"/>
        <pin num="2" name="COM" type="input"/>
        <pin num="3" name="OFS" type="input"/>
        <pin num="4" name="OUT" type="output"/>
        <pin num="5" name="INT" type="input"/>
        <pin num="6" name="ENB" type="input"/>
        <pin num="7" name="VPS" type="input"/>
        <pin num="8" name="INP" type="input"/>
      </pins>
    </libpart>
    <libpart lib="myLib" part="AD9851">
      <fields>
        <field name="Reference">U</field>
        <field name="Value">AD9851</field>
      </fields>
      <pins>
        <pin num="1" name="D3" type="input"/>
        <pin num="2" name="D2" type="input"/>
        <pin num="3" name="D1" type="input"/>
        <pin num="4" name="LSB/D0" type="input"/>
        <pin num="5" name="PGND" type="input"/>
        <pin num="6" name="PVCC" type="input"/>
        <pin num="7" name="W_CLK" type="input"/>
        <pin num="8" name="FQ_UD" type="input"/>
        <pin num="9" name="REFCLOCK" type="input"/>
        <pin num="10" name="AGND" type="input"/>
        <pin num="11" name="AVDD" type="input"/>
        <pin num="12" name="Rset" type="input"/>
        <pin num="13" name="VOUTN" type="input"/>
        <pin num="14" name="VOUTP" type="input"/>
        <pin num="15" name="VINN" type="input"/>
        <pin num="16" name="VINP" type="input"/>
        <pin num="17" name="DACBP" type="input"/>
        <pin num="18" name="AVDD" type="input"/>
        <pin num="19" name="AGND" type="input"/>
        <pin num="20" name="IOUTB" type="input"/>
        <pin num="21" name="IOUT" type="input"/>
        <pin num="22" name="RESET" type="input"/>
        <pin num="23" name="DVDD" type="input"/>
        <pin num="24" name="DGND" type="input"/>
        <pin num="25" name="D7/S_LD" type="input"/>
        <pin num="26" name="D6" type="input"/>
        <pin num="27" name="D5" type="input"/>
        <pin num="28" name="D4" type="input"/>
      </pins>
    </libpart>
    <libpart lib="conn" part="CONN_01X06">
      <description>Connector 01x06</description>
      <footprints>
        <fp>Pin_Header_Straight_1X06</fp>
        <fp>Pin_Header_Angled_1X06</fp>
        <fp>Socket_Strip_Straight_1X06</fp>
        <fp>Socket_Strip_Angled_1X06</fp>
      </footprints>
      <fields>
        <field name="Reference">P</field>
        <field name="Value">CONN_01X06</field>
      </fields>
      <pins>
        <pin num="1" name="P1" type="passive"/>
        <pin num="2" name="P2" type="passive"/>
        <pin num="3" name="P3" type="passive"/>
        <pin num="4" name="P4" type="passive"/>
        <pin num="5" name="P5" type="passive"/>
        <pin num="6" name="P6" type="passive"/>
      </pins>
    </libpart>
    <libpart lib="conn" part="CONN_01X08">
      <description>Connector 01x08</description>
      <footprints>
        <fp>Pin_Header_Straight_1X08</fp>
        <fp>Pin_Header_Angled_1X08</fp>
        <fp>Socket_Strip_Straight_1X08</fp>
        <fp>Socket_Strip_Angled_1X08</fp>
      </footprints>
      <fields>
        <field name="Reference">P</field>
        <field name="Value">CONN_01X08</field>
      </fields>
      <pins>
        <pin num="1" name="P1" type="passive"/>
        <pin num="2" name="P2" type="passive"/>
        <pin num="3" name="P3" type="passive"/>
        <pin num="4" name="P4" type="passive"/>
        <pin num="5" name="P5" type="passive"/>
        <pin num="6" name="P6" type="passive"/>
        <pin num="7" name="P7" type="passive"/>
        <pin num="8" name="P8" type="passive"/>
      </pins>
    </libpart>
    <libpart lib="conn" part="CONN_01X10">
      <description>Connector 01x10</description>
      <footprints>
        <fp>Pin_Header_Straight_1X10</fp>
        <fp>Pin_Header_Angled_1X10</fp>
        <fp>Socket_Strip_Straight_1X10</fp>
        <fp>Socket_Strip_Angled_1X10</fp>
      </footprints>
      <fields>
        <field name="Reference">P</field>
        <field name="Value">CONN_01X10</field>
      </fields>
      <pins>
        <pin num="1" name="P1" type="passive"/>
        <pin num="2" name="P2" type="passive"/>
        <pin num="3" name="P3" type="passive"/>
        <pin num="4" name="P4" type="passive"/>
        <pin num="5" name="P5" type="passive"/>
        <pin num="6" name="P6" type="passive"/>
        <pin num="7" name="P7" type="passive"/>
        <pin num="8" name="P8" type="passive"/>
        <pin num="9" name="P9" type="passive"/>
        <pin num="10" name="P10" type="passive"/>
      </pins>
    </libpart>
    <libpart lib="device" part="C_Small">
      <description>Unpolarized capacitor</description>
      <footprints>
        <fp>C?</fp>
        <fp>C_????_*</fp>
        <fp>C_????</fp>
        <fp>SMD*_c</fp>
        <fp>Capacitor*</fp>
      </footprints>
      <fields>
        <field name="Reference">C</field>
        <field name="Value">C_Small</field>
      </fields>
      <pins>
        <pin num="1" name="~" type="passive"/>
        <pin num="2" name="~" type="passive"/>
      </pins>
    </libpart>
    <libpart lib="myLib" part="EL5167">
      <fields>
        <field name="Reference">U</field>
        <field name="Value">EL5167</field>
      </fields>
      <pins>
        <pin num="1" name="OUT" type="output"/>
        <pin num="2" name="VS-" type="input"/>
        <pin num="3" name="IN+" type="input"/>
        <pin num="4" name="IN-" type="input"/>
        <pin num="5" name="VS+" type="input"/>
      </pins>
    </libpart>
    <libpart lib="myLib" part="KC5032A">
      <fields>
        <field name="Reference">X</field>
        <field name="Value">KC5032A</field>
      </fields>
      <pins>
        <pin num="1" name="~INH" type="input"/>
        <pin num="2" name="GND" type="input"/>
        <pin num="3" name="OUT" type="output"/>
        <pin num="4" name="VCC" type="input"/>
      </pins>
    </libpart>
    <libpart lib="myLib" part="LM7301">
      <fields>
        <field name="Reference">U</field>
        <field name="Value">LM7301</field>
      </fields>
      <pins>
        <pin num="1" name="OUT" type="input"/>
        <pin num="2" name="V-" type="input"/>
        <pin num="3" name="IN+" type="input"/>
        <pin num="4" name="IN-" type="input"/>
        <pin num="5" name="V+" type="input"/>
      </pins>
    </libpart>
    <libpart lib="device" part="L_Small">
      <description>Inductor</description>
      <footprints>
        <fp>CP*</fp>
        <fp>SM*</fp>
      </footprints>
      <fields>
        <field name="Reference">L</field>
        <field name="Value">L_Small</field>
      </fields>
      <pins>
        <pin num="1" name="~" type="passive"/>
        <pin num="2" name="~" type="passive"/>
      </pins>
    </libpart>
    <libpart lib="device" part="R_Small">
      <description>Resistor</description>
      <footprints>
        <fp>Resistor_*</fp>
        <fp>R_*</fp>
      </footprints>
      <fields>
        <field name="Reference">R</field>
        <field name="Value">R_Small</field>
      </fields>
      <pins>
        <pin num="1" name="~" type="passive"/>
        <pin num="2" name="~" type="passive"/>
      </pins>
    </libpart>
    <libpart lib="myLib" part="SMA">
      <fields>
        <field name="Reference">J</field>
        <field name="Value">SMA</field>
      </fields>
      <pins>
        <pin num="1" name="~" type="input"/>
        <pin num="2" name="~" type="input"/>
        <pin num="3" name="~" type="input"/>
        <pin num="4" name="~" type="input"/>
        <pin num="5" name="~" type="input"/>
      </pins>
    </libpart>
  </libparts>
  <libraries>
    <library logical="device">
      <uri>/Library/Application Support/kicad/library/device.lib</uri>
    </library>
    <library logical="conn">
      <uri>/Library/Application Support/kicad/library/conn.lib</uri>
    </library>
    <library logical="myLib">
      <uri>/Users/cbkillion/Documents/KiCad Projects/KiCad Libraries/library/myLib.lib</uri>
    </library>
  </libraries>
  <nets>
    <net code="1" name="/5V">
      <node ref="C11" pin="1"/>
      <node ref="C1" pin="1"/>
      <node ref="C12" pin="1"/>
      <node ref="C13" pin="1"/>
      <node ref="C14" pin="1"/>
      <node ref="X1" pin="1"/>
      <node ref="U4" pin="5"/>
      <node ref="C16" pin="1"/>
      <node ref="X1" pin="4"/>
      <node ref="R13" pin="1"/>
      <node ref="R12" pin="1"/>
      <node ref="U3" pin="18"/>
      <node ref="P1" pin="5"/>
      <node ref="R6" pin="2"/>
      <node ref="U3" pin="3"/>
      <node ref="U2" pin="5"/>
      <node ref="U3" pin="4"/>
      <node ref="U3" pin="6"/>
      <node ref="R3" pin="1"/>
      <node ref="U3" pin="11"/>
      <node ref="U3" pin="23"/>
      <node ref="C10" pin="1"/>
    </net>
    <net code="2" name="Net-(R5-Pad1)">
      <node ref="U2" pin="4"/>
      <node ref="R5" pin="1"/>
      <node ref="R7" pin="2"/>
    </net>
    <net code="3" name="/RF">
      <node ref="C9" pin="1"/>
      <node ref="L3" pin="2"/>
      <node ref="R11" pin="1"/>
      <node ref="C3" pin="1"/>
    </net>
    <net code="4" name="Net-(C3-Pad2)">
      <node ref="R3" pin="2"/>
      <node ref="R4" pin="1"/>
      <node ref="U2" pin="3"/>
      <node ref="C3" pin="2"/>
    </net>
    <net code="5" name="GND">
      <node ref="C2" pin="1"/>
      <node ref="R2" pin="1"/>
      <node ref="J1" pin="2"/>
      <node ref="J1" pin="3"/>
      <node ref="J1" pin="4"/>
      <node ref="J1" pin="5"/>
      <node ref="C10" pin="2"/>
      <node ref="C11" pin="2"/>
      <node ref="C12" pin="2"/>
      <node ref="C16" pin="2"/>
      <node ref="C15" pin="2"/>
      <node ref="C14" pin="2"/>
      <node ref="C13" pin="2"/>
      <node ref="X1" pin="2"/>
      <node ref="U4" pin="2"/>
      <node ref="U3" pin="16"/>
      <node ref="U3" pin="15"/>
      <node ref="U3" pin="24"/>
      <node ref="U3" pin="22"/>
      <node ref="U3" pin="10"/>
      <node ref="U3" pin="5"/>
      <node ref="U3" pin="2"/>
      <node ref="U3" pin="1"/>
      <node ref="U1" pin="2"/>
      <node ref="P1" pin="7"/>
      <node ref="P1" pin="6"/>
      <node ref="P3" pin="4"/>
      <node ref="U3" pin="19"/>
      <node ref="U3" pin="28"/>
      <node ref="U3" pin="27"/>
      <node ref="U3" pin="26"/>
      <node ref="C1" pin="2"/>
      <node ref="C8" pin="2"/>
      <node ref="C7" pin="2"/>
      <node ref="C6" pin="2"/>
      <node ref="R9" pin="2"/>
      <node ref="R1" pin="2"/>
      <node ref="R4" pin="2"/>
      <node ref="U2" pin="2"/>
      <node ref="J2" pin="5"/>
      <node ref="J2" pin="4"/>
      <node ref="J2" pin="3"/>
      <node ref="J2" pin="2"/>
      <node ref="R5" pin="2"/>
      <node ref="R11" pin="2"/>
      <node ref="R10" pin="2"/>
      <node ref="C9" pin="2"/>
    </net>
    <net code="6" name="Net-(C5-Pad2)">
      <node ref="J2" pin="1"/>
      <node ref="C5" pin="2"/>
    </net>
    <net code="7" name="Net-(C5-Pad1)">
      <node ref="R8" pin="1"/>
      <node ref="C5" pin="1"/>
    </net>
    <net code="8" name="Net-(C7-Pad1)">
      <node ref="C7" pin="1"/>
      <node ref="L2" pin="1"/>
      <node ref="L1" pin="2"/>
    </net>
    <net code="9" name="Net-(C8-Pad1)">
      <node ref="L2" pin="2"/>
      <node ref="L3" pin="1"/>
      <node ref="C8" pin="1"/>
    </net>
    <net code="10" name="Net-(C6-Pad1)">
      <node ref="R10" pin="1"/>
      <node ref="L1" pin="1"/>
      <node ref="U3" pin="21"/>
      <node ref="C6" pin="1"/>
    </net>
    <net code="11" name="Net-(R1-Pad1)">
      <node ref="R1" pin="1"/>
      <node ref="U3" pin="12"/>
    </net>
    <net code="12" name="Net-(C15-Pad1)">
      <node ref="U1" pin="6"/>
      <node ref="U1" pin="7"/>
      <node ref="R6" pin="1"/>
      <node ref="C15" pin="1"/>
    </net>
    <net code="13" name="/Vmag">
      <node ref="U1" pin="4"/>
      <node ref="U4" pin="3"/>
    </net>
    <net code="14" name="/A0">
      <node ref="U4" pin="1"/>
      <node ref="P2" pin="1"/>
      <node ref="U4" pin="4"/>
    </net>
    <net code="15" name="Net-(R7-Pad1)">
      <node ref="R8" pin="2"/>
      <node ref="R7" pin="1"/>
      <node ref="U2" pin="1"/>
    </net>
    <net code="16" name="/7">
      <node ref="P4" pin="1"/>
    </net>
    <net code="17" name="/6">
      <node ref="P4" pin="2"/>
    </net>
    <net code="18" name="/5">
      <node ref="P4" pin="3"/>
    </net>
    <net code="19" name="/4">
      <node ref="P4" pin="4"/>
    </net>
    <net code="20" name="/3">
      <node ref="P4" pin="5"/>
    </net>
    <net code="21" name="/2">
      <node ref="P4" pin="6"/>
    </net>
    <net code="22" name="/TX">
      <node ref="P4" pin="7"/>
    </net>
    <net code="23" name="/RX">
      <node ref="P4" pin="8"/>
    </net>
    <net code="24" name="/AREF">
      <node ref="P3" pin="3"/>
    </net>
    <net code="25" name="Net-(P1-Pad1)">
      <node ref="P1" pin="1"/>
    </net>
    <net code="26" name="/A5">
      <node ref="P2" pin="6"/>
    </net>
    <net code="27" name="/A4">
      <node ref="P2" pin="5"/>
    </net>
    <net code="28" name="/A3">
      <node ref="P2" pin="4"/>
    </net>
    <net code="29" name="/A2">
      <node ref="P2" pin="3"/>
    </net>
    <net code="30" name="/A1">
      <node ref="P2" pin="2"/>
    </net>
    <net code="31" name="Net-(U1-Pad3)">
      <node ref="U1" pin="3"/>
    </net>
    <net code="32" name="Net-(U1-Pad5)">
      <node ref="U1" pin="5"/>
    </net>
    <net code="33" name="Net-(C4-Pad2)">
      <node ref="C4" pin="2"/>
      <node ref="U1" pin="8"/>
    </net>
    <net code="34" name="/Vin">
      <node ref="P1" pin="8"/>
    </net>
    <net code="35" name="/3V3">
      <node ref="P1" pin="4"/>
    </net>
    <net code="36" name="/RESET">
      <node ref="P1" pin="3"/>
    </net>
    <net code="37" name="/IOREF">
      <node ref="P1" pin="2"/>
    </net>
    <net code="38" name="/13">
      <node ref="P3" pin="5"/>
    </net>
    <net code="39" name="/12">
      <node ref="P3" pin="6"/>
    </net>
    <net code="40" name="/11">
      <node ref="P3" pin="7"/>
    </net>
    <net code="41" name="/10">
      <node ref="P3" pin="8"/>
    </net>
    <net code="42" name="/9">
      <node ref="P3" pin="9"/>
    </net>
    <net code="43" name="Net-(U3-Pad14)">
      <node ref="U3" pin="14"/>
    </net>
    <net code="44" name="Net-(U3-Pad13)">
      <node ref="U3" pin="13"/>
    </net>
    <net code="45" name="Net-(U3-Pad9)">
      <node ref="U3" pin="9"/>
      <node ref="X1" pin="3"/>
    </net>
    <net code="46" name="Net-(C2-Pad2)">
      <node ref="U1" pin="1"/>
      <node ref="C2" pin="2"/>
    </net>
    <net code="47" name="/SLD">
      <node ref="U3" pin="8"/>
      <node ref="P3" pin="10"/>
    </net>
    <net code="48" name="/SCL">
      <node ref="U3" pin="7"/>
      <node ref="P3" pin="2"/>
      <node ref="R13" pin="2"/>
    </net>
    <net code="49" name="/SDA">
      <node ref="U3" pin="25"/>
      <node ref="R12" pin="2"/>
      <node ref="P3" pin="1"/>
    </net>
    <net code="50" name="Net-(U3-Pad17)">
      <node ref="U3" pin="17"/>
    </net>
    <net code="51" name="Net-(R9-Pad1)">
      <node ref="R9" pin="1"/>
      <node ref="U3" pin="20"/>
    </net>
    <net code="52" name="/Input">
      <node ref="C4" pin="1"/>
      <node ref="R2" pin="2"/>
      <node ref="J1" pin="1"/>
    </net>
  </nets>
</export>
